{"cameraMode":{"drawMode":0,"name":"Shaded","section":"Shading Mode"},"sceneLighting":false,"audioPlay":false,"sceneViewState":{"m_AlwaysRefresh":false,"showFog":true,"showSkybox":false,"showFlares":true,"showImageEffects":true,"showParticleSystems":true,"showVisualEffectGraphs":true,"m_FxEnabled":true},"in2DMode":false,"pivot":{"x":0.47926566004753115,"y":0.9990963935852051,"z":0.8155992031097412},"rotation":{"x":-0.12664185464382173,"y":0.860377311706543,"z":-0.25938162207603457,"w":-0.4200752377510071},"size":2.200106620788574,"orthographic":false}